barcode,gc,n,k,homopolymer,gc_min,gc_max
AAACACG,0.42857142857142855,7,3,4,0.3,0.7
AAACCTC,0.42857142857142855,7,3,4,0.3,0.7
AAACGGA,0.42857142857142855,7,3,4,0.3,0.7
AAATGCC,0.42857142857142855,7,3,4,0.3,0.7
AAAGAGC,0.42857142857142855,7,3,4,0.3,0.7
AAAGGTG,0.42857142857142855,7,3,4,0.3,0.7
AACAACC,0.42857142857142855,7,3,4,0.3,0.7
AACATGG,0.42857142857142855,7,3,4,0.3,0.7
AACCAGT,0.42857142857142855,7,3,4,0.3,0.7
AACCCAA,0.42857142857142855,7,3,4,0.3,0.7
AACTCCT,0.42857142857142855,7,3,4,0.3,0.7
AACGAAG,0.42857142857142855,7,3,4,0.3,0.7
AACGTCA,0.42857142857142855,7,3,4,0.3,0.7
AATACGC,0.42857142857142855,7,3,4,0.3,0.7
AATTGGG,0.42857142857142855,7,3,4,0.3,0.7
AATGGAC,0.42857142857142855,7,3,4,0.3,0.7
AAGACCA,0.42857142857142855,7,3,4,0.3,0.7
AAGCTAC,0.42857142857142855,7,3,4,0.3,0.7
AAGCGCT,0.5714285714285714,7,3,4,0.3,0.7
AAGTCTG,0.42857142857142855,7,3,4,0.3,0.7
ACAAAGG,0.42857142857142855,7,3,4,0.3,0.7
ACAAGCA,0.42857142857142855,7,3,4,0.3,0.7
ACACTAG,0.42857142857142855,7,3,4,0.3,0.7
ACACGTT,0.42857142857142855,7,3,4,0.3,0.7
ACATCAC,0.42857142857142855,7,3,4,0.3,0.7
ACAGACT,0.42857142857142855,7,3,4,0.3,0.7
ACAGTGA,0.42857142857142855,7,3,4,0.3,0.7
ACCACAT,0.42857142857142855,7,3,4,0.3,0.7
ACCATTC,0.42857142857142855,7,3,4,0.3,0.7
ACCCTCT,0.5714285714285714,7,3,4,0.3,0.7
ACCTCGA,0.5714285714285714,7,3,4,0.3,0.7
ACCTGTG,0.5714285714285714,7,3,4,0.3,0.7
ACCGATA,0.42857142857142855,7,3,4,0.3,0.7
ACTACCG,0.5714285714285714,7,3,4,0.3,0.7
ACTAGGT,0.42857142857142855,7,3,4,0.3,0.7
ACTCATG,0.42857142857142855,7,3,4,0.3,0.7
ACTTAGC,0.42857142857142855,7,3,4,0.3,0.7
ACTGCAA,0.42857142857142855,7,3,4,0.3,0.7
ACTGTCC,0.5714285714285714,7,3,4,0.3,0.7
ACGAAAC,0.42857142857142855,7,3,4,0.3,0.7
ACGCCTA,0.5714285714285714,7,3,4,0.3,0.7
ACGTTCG,0.5714285714285714,7,3,4,0.3,0.7
ACGGTAT,0.42857142857142855,7,3,4,0.3,0.7
ATATCGG,0.42857142857142855,7,3,4,0.3,0.7
ATAGCCC,0.5714285714285714,7,3,4,0.3,0.7
ATCAGAG,0.42857142857142855,7,3,4,0.3,0.7
ATCCAAC,0.42857142857142855,7,3,4,0.3,0.7
ATCCCTG,0.5714285714285714,7,3,4,0.3,0.7
ATCCGCA,0.5714285714285714,7,3,4,0.3,0.7
ATCTGGC,0.5714285714285714,7,3,4,0.3,0.7
ATCGCGT,0.5714285714285714,7,3,4,0.3,0.7
ATTCTCG,0.42857142857142855,7,3,4,0.3,0.7
ATGAACG,0.42857142857142855,7,3,4,0.3,0.7
ATGACTC,0.42857142857142855,7,3,4,0.3,0.7
ATGAGGA,0.42857142857142855,7,3,4,0.3,0.7
ATGCCAT,0.42857142857142855,7,3,4,0.3,0.7
ATGGTTG,0.42857142857142855,7,3,4,0.3,0.7
AGAAGTC,0.42857142857142855,7,3,4,0.3,0.7
AGACTGT,0.42857142857142855,7,3,4,0.3,0.7
AGATGAG,0.42857142857142855,7,3,4,0.3,0.7
AGAGCAT,0.42857142857142855,7,3,4,0.3,0.7
AGCAATG,0.42857142857142855,7,3,4,0.3,0.7
AGCTCTC,0.5714285714285714,7,3,4,0.3,0.7
AGCGTTT,0.42857142857142855,7,3,4,0.3,0.7
AGCGGAA,0.5714285714285714,7,3,4,0.3,0.7
AGTCACA,0.42857142857142855,7,3,4,0.3,0.7
AGTCCTT,0.42857142857142855,7,3,4,0.3,0.7
AGTTGCT,0.42857142857142855,7,3,4,0.3,0.7
AGTGTGG,0.5714285714285714,7,3,4,0.3,0.7
AGGACAG,0.5714285714285714,7,3,4,0.3,0.7
AGGATCC,0.5714285714285714,7,3,4,0.3,0.7
AGGTAGA,0.42857142857142855,7,3,4,0.3,0.7
CAAACTG,0.42857142857142855,7,3,4,0.3,0.7
CAACGAC,0.5714285714285714,7,3,4,0.3,0.7
CAATCCA,0.42857142857142855,7,3,4,0.3,0.7
CAATTGC,0.42857142857142855,7,3,4,0.3,0.7
CAAGTAG,0.42857142857142855,7,3,4,0.3,0.7
CAAGGGT,0.5714285714285714,7,3,4,0.3,0.7
CACATCT,0.42857142857142855,7,3,4,0.3,0.7
CACAGAA,0.42857142857142855,7,3,4,0.3,0.7
CACCTTA,0.42857142857142855,7,3,4,0.3,0.7
CACTAAC,0.42857142857142855,7,3,4,0.3,0.7
CACGCAT,0.5714285714285714,7,3,4,0.3,0.7
CATAGCG,0.5714285714285714,7,3,4,0.3,0.7
CATCTCC,0.5714285714285714,7,3,4,0.3,0.7
CATTCAG,0.42857142857142855,7,3,4,0.3,0.7
CATGACA,0.42857142857142855,7,3,4,0.3,0.7
CAGAAAG,0.42857142857142855,7,3,4,0.3,0.7
CAGAGTT,0.42857142857142855,7,3,4,0.3,0.7
CAGTCGT,0.5714285714285714,7,3,4,0.3,0.7
CAGGCTA,0.5714285714285714,7,3,4,0.3,0.7
CCAAACC,0.5714285714285714,7,3,4,0.3,0.7
CCAACAA,0.42857142857142855,7,3,4,0.3,0.7
CCAATGT,0.42857142857142855,7,3,4,0.3,0.7
CCACTCA,0.5714285714285714,7,3,4,0.3,0.7
CCATAAG,0.42857142857142855,7,3,4,0.3,0.7
CCATGGA,0.5714285714285714,7,3,4,0.3,0.7
CCAGCTT,0.5714285714285714,7,3,4,0.3,0.7
CCCAAGA,0.5714285714285714,7,3,4,0.3,0.7
CCCTATT,0.42857142857142855,7,3,4,0.3,0.7
CCCGTAA,0.5714285714285714,7,3,4,0.3,0.7
CCTAGTA,0.42857142857142855,7,3,4,0.3,0.7
CCTCAAT,0.42857142857142855,7,3,4,0.3,0.7
CCTTCCT,0.5714285714285714,7,3,4,0.3,0.7
CCTTTAC,0.42857142857142855,7,3,4,0.3,0.7
CCTGATC,0.5714285714285714,7,3,4,0.3,0.7
CCGATTG,0.5714285714285714,7,3,4,0.3,0.7
CTAACCT,0.42857142857142855,7,3,4,0.3,0.7
CTAAGGC,0.5714285714285714,7,3,4,0.3,0.7
CTACAGT,0.42857142857142855,7,3,4,0.3,0.7
CTACTTC,0.42857142857142855,7,3,4,0.3,0.7
CTATGTG,0.42857142857142855,7,3,4,0.3,0.7
CTAGAAC,0.42857142857142855,7,3,4,0.3,0.7
CTCACAC,0.5714285714285714,7,3,4,0.3,0.7
CTCCTAG,0.5714285714285714,7,3,4,0.3,0.7
CTCCGTT,0.5714285714285714,7,3,4,0.3,0.7
CTCTTGA,0.42857142857142855,7,3,4,0.3,0.7
CTCGACT,0.5714285714285714,7,3,4,0.3,0.7
CTTACGA,0.42857142857142855,7,3,4,0.3,0.7
CTTTAGG,0.42857142857142855,7,3,4,0.3,0.7
CTTTCTC,0.42857142857142855,7,3,4,0.3,0.7
CTTGGAA,0.42857142857142855,7,3,4,0.3,0.7
CTGCTCT,0.5714285714285714,7,3,4,0.3,0.7
CTGTGAC,0.5714285714285714,7,3,4,0.3,0.7
CGAATCG,0.5714285714285714,7,3,4,0.3,0.7
CGAAGAT,0.42857142857142855,7,3,4,0.3,0.7
CGACATA,0.42857142857142855,7,3,4,0.3,0.7
CGATACT,0.42857142857142855,7,3,4,0.3,0.7
CGCTTAT,0.42857142857142855,7,3,4,0.3,0.7
CGTATGC,0.5714285714285714,7,3,4,0.3,0.7
CGTCCAA,0.5714285714285714,7,3,4,0.3,0.7
CGTTTCA,0.42857142857142855,7,3,4,0.3,0.7
CGTGAAG,0.5714285714285714,7,3,4,0.3,0.7
CGTGGTT,0.5714285714285714,7,3,4,0.3,0.7
CGGAACA,0.5714285714285714,7,3,4,0.3,0.7
CGGTGTA,0.5714285714285714,7,3,4,0.3,0.7
TAACCGG,0.5714285714285714,7,3,4,0.3,0.7
TAAGTCC,0.42857142857142855,7,3,4,0.3,0.7
TACACTC,0.42857142857142855,7,3,4,0.3,0.7
TACTGAG,0.42857142857142855,7,3,4,0.3,0.7
TACGCGA,0.5714285714285714,7,3,4,0.3,0.7
TACGGCT,0.5714285714285714,7,3,4,0.3,0.7
TATCAGC,0.42857142857142855,7,3,4,0.3,0.7
TATTCCC,0.42857142857142855,7,3,4,0.3,0.7
TAGATCG,0.42857142857142855,7,3,4,0.3,0.7
TAGCGTC,0.5714285714285714,7,3,4,0.3,0.7
TAGTAGG,0.42857142857142855,7,3,4,0.3,0.7
TAGTGCA,0.42857142857142855,7,3,4,0.3,0.7
TAGGTGT,0.42857142857142855,7,3,4,0.3,0.7
TCACCCT,0.5714285714285714,7,3,4,0.3,0.7
TCATCTG,0.42857142857142855,7,3,4,0.3,0.7
TCAGGAA,0.42857142857142855,7,3,4,0.3,0.7
TCCCACA,0.5714285714285714,7,3,4,0.3,0.7
TCCCGAT,0.5714285714285714,7,3,4,0.3,0.7
TCCTTGC,0.5714285714285714,7,3,4,0.3,0.7
TCTAGCC,0.5714285714285714,7,3,4,0.3,0.7
TCTCCTC,0.5714285714285714,7,3,4,0.3,0.7
TCTCGGA,0.5714285714285714,7,3,4,0.3,0.7
TCTGTTG,0.42857142857142855,7,3,4,0.3,0.7
TCGATGA,0.42857142857142855,7,3,4,0.3,0.7
TCGCAAG,0.5714285714285714,7,3,4,0.3,0.7
TCGTCAT,0.42857142857142855,7,3,4,0.3,0.7
TCGGATT,0.42857142857142855,7,3,4,0.3,0.7
TTAAGCG,0.42857142857142855,7,3,4,0.3,0.7
TTACCAC,0.42857142857142855,7,3,4,0.3,0.7
TTCACGG,0.5714285714285714,7,3,4,0.3,0.7
TTCATCC,0.42857142857142855,7,3,4,0.3,0.7
TTCCTGT,0.42857142857142855,7,3,4,0.3,0.7
TTCGGTC,0.5714285714285714,7,3,4,0.3,0.7
TTTCGAG,0.42857142857142855,7,3,4,0.3,0.7
TTTGACC,0.42857142857142855,7,3,4,0.3,0.7
TTTGGGT,0.42857142857142855,7,3,4,0.3,0.7
TTGCAGA,0.42857142857142855,7,3,4,0.3,0.7
TTGTCCG,0.5714285714285714,7,3,4,0.3,0.7
TGAAAGC,0.42857142857142855,7,3,4,0.3,0.7
TGAACCA,0.42857142857142855,7,3,4,0.3,0.7
TGACTTG,0.42857142857142855,7,3,4,0.3,0.7
TGATGGT,0.42857142857142855,7,3,4,0.3,0.7
TGCAACT,0.42857142857142855,7,3,4,0.3,0.7
TGCCCTA,0.5714285714285714,7,3,4,0.3,0.7
TGCGTAG,0.5714285714285714,7,3,4,0.3,0.7
TGTACGT,0.42857142857142855,7,3,4,0.3,0.7
TGTCTAC,0.42857142857142855,7,3,4,0.3,0.7
TGTTGTC,0.42857142857142855,7,3,4,0.3,0.7
TGGAGAA,0.42857142857142855,7,3,4,0.3,0.7
TGGCTCA,0.5714285714285714,7,3,4,0.3,0.7
TGGTAAC,0.42857142857142855,7,3,4,0.3,0.7
TGGGTTC,0.5714285714285714,7,3,4,0.3,0.7
GAAACGT,0.42857142857142855,7,3,4,0.3,0.7
GAAGCAA,0.42857142857142855,7,3,4,0.3,0.7
GACCTAT,0.42857142857142855,7,3,4,0.3,0.7
GACTACA,0.42857142857142855,7,3,4,0.3,0.7
GACTTTC,0.42857142857142855,7,3,4,0.3,0.7
GACGATT,0.42857142857142855,7,3,4,0.3,0.7
GATAAGG,0.42857142857142855,7,3,4,0.3,0.7
GATCTGA,0.42857142857142855,7,3,4,0.3,0.7
GATGTCT,0.42857142857142855,7,3,4,0.3,0.7
GAGACAC,0.5714285714285714,7,3,4,0.3,0.7
GAGTTAG,0.42857142857142855,7,3,4,0.3,0.7
GAGGGAT,0.5714285714285714,7,3,4,0.3,0.7
GCAATAC,0.42857142857142855,7,3,4,0.3,0.7
GCATAGT,0.42857142857142855,7,3,4,0.3,0.7
GCCTGAA,0.5714285714285714,7,3,4,0.3,0.7
GCTAGAG,0.5714285714285714,7,3,4,0.3,0.7
GCTCTTT,0.42857142857142855,7,3,4,0.3,0.7
GCTTCTA,0.42857142857142855,7,3,4,0.3,0.7
GTAACAG,0.42857142857142855,7,3,4,0.3,0.7
GTACCCA,0.5714285714285714,7,3,4,0.3,0.7
GTATACC,0.42857142857142855,7,3,4,0.3,0.7
GTAGGTA,0.42857142857142855,7,3,4,0.3,0.7
GTCAAGC,0.5714285714285714,7,3,4,0.3,0.7
GTCTATG,0.42857142857142855,7,3,4,0.3,0.7
GTCGAAA,0.42857142857142855,7,3,4,0.3,0.7
GTTAGCA,0.42857142857142855,7,3,4,0.3,0.7
GTTCACT,0.42857142857142855,7,3,4,0.3,0.7
GTTTCGT,0.42857142857142855,7,3,4,0.3,0.7
GTTGTAG,0.42857142857142855,7,3,4,0.3,0.7
GTGAGTG,0.5714285714285714,7,3,4,0.3,0.7
GTGCATC,0.5714285714285714,7,3,4,0.3,0.7
GTGCTAA,0.42857142857142855,7,3,4,0.3,0.7
GGAATGA,0.42857142857142855,7,3,4,0.3,0.7
GGACAAT,0.42857142857142855,7,3,4,0.3,0.7
GGATCTT,0.42857142857142855,7,3,4,0.3,0.7
GGAGATC,0.5714285714285714,7,3,4,0.3,0.7
GGCAGTA,0.5714285714285714,7,3,4,0.3,0.7
GGTACTC,0.5714285714285714,7,3,4,0.3,0.7
GGTTGGA,0.5714285714285714,7,3,4,0.3,0.7
GGGAATT,0.42857142857142855,7,3,4,0.3,0.7
GGGTCAA,0.5714285714285714,7,3,4,0.3,0.7
GGGTTGT,0.5714285714285714,7,3,4,0.3,0.7
